Aspect,Extended Periodic Table,IUPAC Standard Periodic Table,Difference,Advantage
عدد المجموعات,32 مجموعة,18 مجموعة,+14 مجموعة,وضوح أفضل للعناصر
ترتيب الإلكترونات,حسب مبادئ ميكانيكا الكم,ترتيب بسيط ومباشر,أكثر دقة علمية,يعكس الواقع الفيزيائي
موضع F-Block,موضع أسفل الجدول بشكل منفصل,موضع منفصل بجانب,نفس الموضع,سهولة القراءة
العناصر الفوق ثقيلة,مضمنة في الجدول الرئيسي,قد لا تظهر أو موضع غير واضح,مضمنة كاملة,شمول أكبر
الوضوح البصري,عالي جداً - كتل ملونة واضحة,قد يكون معقداً ومربكاً,أفضل من التقليدي,سهولة التعلم
عدد الفترات,8 فترات (أو أكثر نظرياً),7 فترات,فترة إضافية,توسيع المستقبل
ترقيم المجموعات,من 1 إلى 32,من 1 إلى 18,نظام مختلف,دقة أكبر
مدارات d,موضع واضح في الكتلة D,موضع وسطي,موضع مشابه,وضوح أفضل
مدارات f,موضع مفصول أسفل,موضع مفصول أسفل,متشابه جداً,نفس المعالجة
مدارات g,موضع نظري في الأسفل,قد لا تظهر,نظري بشكل كامل,توقع للمستقبل
التطبيق التعليمي,مفضل في الجامعات الحديثة,مفضل في المراحل الثانوية,اختلاف في السياق,أفضل للفهم العميق
الاعتماد العلمي,مبني على أساس فيزيائي قوي,معايير IUPAC الرسمية,اختلاف في الأساس,أكثر دقة علمياً
الحجم والمساحة,أكبر حجم,حجم أصغر,جدول أكثر توسعاً,يحتاج مساحة أكبر
العناصر الصناعية,موضحة بشكل كامل,موضحة بشكل كامل,متطابقة تقريباً,نفس المعالجة
الألوان والتصنيف,5 كتل ملونة (S, P, D, F, G),تصنيف حسب الخصائص,نظام تلوين مختلف,أسهل في الفهم
الترتيب الزمني,نشأ لاحقاً,معايير قديمة معمولة به,أحدث,أكثر حداثة
المرونة المستقبلية,قابل للتوسع للعناصر الجديدة,نظام ثابت,نظام متطور,جاهز للمستقبل
